{"name":"rent-a-car","intents":[{"intent":"General_Connect_to_Agent","examples":[{"text":"Send me to an agent"},{"text":"I would like to speak to a human"},{"text":"I want to talk to a person"},{"text":"I want an agent to help me"},{"text":"I want a manager"},{"text":"I want agent"},{"text":"Is there anyone there I can actually talk to for real?"},{"text":"I need to speak to a representative. How would I go about doing so?"},{"text":"I don't want to talk to you"},{"text":"I don't want to talk to a bot."},{"text":"How can I skip the recorded menu and go straight to a live person?"},{"text":"Hi can you transfer me"},{"text":"Do not want a robot?"},{"text":"Customer service representative please."},{"text":"Could you please transfer me to your master?"},{"text":"Please connect me to a live agent"},{"text":"Please let me talk to a human being."},{"text":"Pls connect"},{"text":"Put me through to someone"},{"text":"Contact person"},{"text":"Connect me to a live operator please."},{"text":"Can you connect me with a real person?"},{"text":"Can you assist me to connect to an agent?"},{"text":"Can I talk to someone?"},{"text":"Can I speak with somebody?"},{"text":"Can I speak to an advisor?"},{"text":"Can I speak to a live person?"},{"text":"Can I speak to a human please?"},{"text":"Can I connect to an agent?"},{"text":"Call agent"},{"text":"A real agent, please."},{"text":"Agent help"},{"text":"Operator please"},{"text":"I would like to speak to someone"},{"text":"Need help from human"},{"text":"Please assist me to get to an agent"},{"text":"Yes, take me to a real person"},{"text":"Where is the closest agent?"}],"description":"Request a human agent."},{"intent":"Customer_Care_Contact_Us","examples":[{"text":"Can I text you a question?"},{"text":"Can I get some more information?"},{"text":"Tell me the number to your general department"},{"text":"Who can I call?"},{"text":"Which is the number of the main office here in los angeles?"},{"text":"Where can I reach the company personally?"},{"text":"What is you email?"},{"text":"Can I contact the business by post?"},{"text":"What is the phone number to call to order new line of service?"},{"text":"What is the customer number?"},{"text":"What is the closest store's phone number?"},{"text":"Need your phone number"},{"text":"I would like to speak to customer service."},{"text":"I want to know number to the store closest to me"},{"text":"Is there a phone number to your shop at fort worth tx?"},{"text":"I need someone to call me. can you please arrange that!?"},{"text":"How do I best contact you when there has been a problem with my bill?"},{"text":"How can I contact your business?"},{"text":"Hi can you let me have the telephone number of my local store please?"},{"text":"Can you give me the number to the general manager?"}],"description":"Find basic contact information."},{"intent":"Customer_Care_Loyalty_Status","examples":[{"text":"See available rewards?"},{"text":"What is my frequent buyer credit accumulation?"},{"text":"What is my reward tier right now?"},{"text":"What is the new point total?"},{"text":"What's the number of mileage that I have on my account?"},{"text":"Where do I learn my frequent purchaser tier?"},{"text":"Where is my points shown at?"},{"text":"You can show to me my points?"},{"text":"Check rewards"},{"text":"Can you tell me the status of my reward?"},{"text":"Customer loyalty status"},{"text":"How can I see the points on my account?"},{"text":"How do I verify my rewards balance?"},{"text":"How many loyalty bonus points do I have?"},{"text":"How many miles do I have?"},{"text":"Please display my loyalty credits."},{"text":"Please inform me of my current status?"},{"text":"Points balance?"},{"text":"Points statement?"},{"text":"View my reward status."}],"description":"Inquire about customer loyalty program status."},{"intent":"Bot_Control_Approve_Response","examples":[{"text":"That's exactly what I want"},{"text":"I agree"},{"text":"I like that"},{"text":"Indeed!"},{"text":"Sure thing!"},{"text":"Sweet"},{"text":"That is precisely what I was looking for"},{"text":"That is right"},{"text":"That is the proper response."},{"text":"That is what I need"},{"text":"This is alright"},{"text":"Very well. Let's do it."},{"text":"Yeah, that's it!"},{"text":"Yes"},{"text":"You read my mind"},{"text":"Affirmative. That's what I'm looking for."},{"text":"All right"},{"text":"Correct"},{"text":"For sure!"},{"text":"Got it"},{"text":"Great"}],"description":"Acknowledge that the response satisfies a question."},{"intent":"Customer_Care_Employment_Inquiry","examples":[{"text":"Well I m asking what level of the marketing position your company is looking for"},{"text":"How would I go about joining your company?"},{"text":"What is your jobs web site?"},{"text":"What employment opportunities are currently available?"},{"text":"Where is your careers page?"},{"text":"What's the process for job application?"},{"text":"What positions do you have available?"},{"text":"What kind of jobs do you have?"},{"text":"Are there any job vacancies currently open at your company?"},{"text":"Are you hiring at the moment?"},{"text":"Can I join you guys?"},{"text":"Halp me I need work"},{"text":"Hire me please"},{"text":"What are the jobs you are hiring for?"},{"text":"What are the job openings available with the company?"},{"text":"What jobs are available that are hiring for now?"},{"text":"I am looking for a job and would like to know if you have anything available.."},{"text":"I need to find some work"},{"text":"Is there any current employment opportunities?"},{"text":"Search job"}],"description":"Find job opportunities."},{"intent":"General_Negative_Feedback","examples":[{"text":"Everyone hates you"},{"text":"You are very frustrating"},{"text":"You're really frustrating"},{"text":"You're really irritating"},{"text":"You're too stupid"},{"text":"You are on my nerves"},{"text":"You are having delusions"},{"text":"Why are you stupid?"},{"text":"Why are you so annoying?"},{"text":"Stupid"},{"text":"Robots are stupid"},{"text":"Robots are boring"},{"text":"Quit annoying me"},{"text":"It is annoying"},{"text":"I hate you"},{"text":"I hate this!"},{"text":"I do not like you"},{"text":"Hate you"},{"text":"Do not like you?"},{"text":"You do not seem smart"}],"description":"Express unfavorable feedback."},{"intent":"General_Ending","examples":[{"text":"Get lost"},{"text":"I have got to go"},{"text":"I d like to stop doing this"},{"text":"I am out of here"},{"text":"I am leaving"},{"text":"Hey bot go away"},{"text":"Have a nice day?"},{"text":"Go off"},{"text":"Good. bye."},{"text":"Goodbye"},{"text":"Going now"},{"text":"Go away"},{"text":"End trial"},{"text":"Finished now, good bye"},{"text":"Ending this session"},{"text":"Im done"},{"text":"Im good thank you"},{"text":"I'm leaving now"},{"text":"See you"},{"text":"It was nice chatting with you"},{"text":"I want to quit"},{"text":"I'm done"},{"text":"Time to go"},{"text":"That's everything"},{"text":"That is all"},{"text":"Thank you for your time"},{"text":"Thanks very much, bye!"},{"text":"Thanks, bye!"},{"text":"Stop talking to me"},{"text":"Stop doing this"},{"text":"Shut up"},{"text":"See you later"},{"text":"Ok goodbye"},{"text":"Bye bye"},{"text":"Bye now"},{"text":"Catch you later"},{"text":"Cya later"}],"description":"End the conversation."},{"intent":"Bot_Control_Clarification","examples":[{"text":"Explains"},{"text":"I didn't understand that properly"},{"text":"I don't get it"},{"text":"What do you mean by that?"},{"text":"What do you mean?"},{"text":"What are you talking about?"},{"text":"What are you saying?"},{"text":"What are you referring to?"},{"text":"Let's try to say that again more clearly, shall we?"},{"text":"I need more information"},{"text":"I don't understand what you're saying"},{"text":"I don't understand"},{"text":"I didn't quite understand what you said"},{"text":"I didn't catch that"},{"text":"I did not quite understand what you gave me"},{"text":"Can you say that again please?"},{"text":"Come again?"}],"description":"Repeat or clarify last statement."},{"intent":"Customer_Care_Transfer_Points","examples":[{"text":"How can I move points from one account to another?"},{"text":"What can be done to to send points?"},{"text":"Am I able to move points?"},{"text":"Can I carry over my points?"},{"text":"Can I give my points for my friend?"},{"text":"Can I have my points transferred to a different account please?"},{"text":"Can I transfer my minutes to my wife's phone?"},{"text":"Can I transfer to another account my points?"},{"text":"Can you carry my points over to other account?"},{"text":"Can you tell me how I can place my prior account points into my new account?"},{"text":"Could you move my points total please?"},{"text":"How do old account points transfer to new account?"},{"text":"How to transfer points to a new account please?"},{"text":"I'd like to transfer credits to a new account"},{"text":"I have a new account and want my points moved there"},{"text":"I need to share points between two accounts"},{"text":"Is it possible to send my credits to a buddy?"},{"text":"Is there any way I can move points balance to a new account?"},{"text":"I would like to send my credits to a relative"},{"text":"Transfer mileage"}],"description":"Transfer points between accounts."},{"intent":"Customer_Care_Notification_Preferences","examples":[{"text":"Can you help me with changing delivery method?"},{"text":"Can I use another way of receiving alerts by editing existing one?"},{"text":"How to change my notification preferences?"},{"text":"How can I change delivery method?"},{"text":"How can I edit delivery methods to new one?"},{"text":"How can I modify notification alerts?"},{"text":"How can I update my delivery methods?"},{"text":"How do I change credit card transaction alerts?"},{"text":"How to customize notifications that I am receiving?"},{"text":"How to switch over from sms to email delivery alert?"},{"text":"I need to change my current alert method to something else"},{"text":"I request to get alerts via email"},{"text":"I want my bank messages to notify me on emails as well"},{"text":"I want to stop getting emails every time my card gets swiped"},{"text":"Notifications are to be received on sms"},{"text":"Changing my notification preferences"},{"text":"Change notifications to sms"},{"text":"Can you send text notifications to additional mobile number?"},{"text":"Can you send alert on my whatsapp?"},{"text":"Tell me process to change alerts method"}],"description":"Manage user's notifications."},{"intent":"Customer_Care_Appointments","examples":[{"text":"How can I change the schedule?"},{"text":"I am due at a store tomorrow at 2pm and wish to change my appointment please?"},{"text":"I want to cancel the appointment that I have with the store"},{"text":"I want to talk in person with someone about my case"},{"text":"I would like to discuss my situation face to face"},{"text":"I would like to make an appointment to visit the nearest store to my location."},{"text":"Could you cancel the engagement I had tomorrow in my apartment?"},{"text":"Make an appointment"},{"text":"Could I speak to someone in the store next tuesday?"},{"text":"Store appointment"},{"text":"Can you explain me this in my house?"},{"text":"Can someone support me at home?"},{"text":"Can I book an in person session to learn how to use my new phone at the store near my house?"},{"text":"Want to change my visit"},{"text":"What time can I meet the staff?"},{"text":"When can I meet with one of your employees at your store?"},{"text":"Set up an appt"},{"text":"I need to reschedule"},{"text":"I prefer a face to face visit"},{"text":"Is it possible to set a date?"}],"description":"Schedule or manage an in-store appointment."},{"intent":"Customer_Care_Authorized_User","examples":[{"text":"Can I add another person to have authority over my account?"},{"text":"I would like to add an authorized user to my account."},{"text":"I need to add someone to my account settings."},{"text":"Is it possible to add a user that is allowed to do change everything but cannot anything on the financial part?"},{"text":"I want to add a new user who can make changes to and use the account, while I retain sole ownership?"},{"text":"I want to add a secondary user to my account"},{"text":"I want to add my roommate to my plan, but keep sending the bill to me. can I do that here?"},{"text":"I want to add my wife to the account"},{"text":"I want to add someone who can access my account."},{"text":"I want to authorize my spouse to be able to make changes in my account, but not correlated with any financial or ownership responsibilities."},{"text":"I'd like to add a person to my billing account"},{"text":"Hi, how can I add a user so he can have all the access to my account?"},{"text":"Can you help me add another user to this account?"},{"text":"Can I add another user?"},{"text":"Add user"},{"text":"I would like to add someone to my account who will be authorized to access the account and make changes."},{"text":"I would like to add my wife to my account with access and management privileges"},{"text":"Add new user please"},{"text":"Please update my account to allow my spouse to access the account?"},{"text":"I would like to add my son to my account. I want him to be able to access the account and to make any changes he needs. can you help me with this?"}],"description":"Change who has access to an account."},{"intent":"Bot_Control_Unsure","examples":[{"text":"To be honest, I m really not sure"},{"text":"I don t know what you need"},{"text":"I don t know what you want"},{"text":"I have no idea, actually"},{"text":"I have no idea what you are looking for"},{"text":"I haven't got a clue"},{"text":"I m not certain I get what you re saying"},{"text":"I m not sure what will make you happy"},{"text":"I m not yet convinced"},{"text":"No clue"},{"text":"No idea"},{"text":"You got me"}],"description":"Indicate no definite answer to a question."},{"intent":"Customer_Care_Store_Location","examples":[{"text":"I want to know about a store"},{"text":"Is there any shopping mall around me?"},{"text":"I need help with find a store"},{"text":"Looking for a location"},{"text":"I'd like to go to a store"},{"text":"Go to your company"},{"text":"Where is your office?"},{"text":"Do you have an office in denver?"},{"text":"Can you tell me about physical locations you have in new jersey?"},{"text":"Restuarants nearby please"},{"text":"Show me nearest service center"},{"text":"What is the closest pharmacy?"},{"text":"What is the closest store to my address?"},{"text":"What is the nearest branch?"},{"text":"Find store"},{"text":"Where is?"},{"text":"Where are you located?"},{"text":"Where are the store locations closest to davis city hall?"},{"text":"What is the store near my zip code?"},{"text":"Can you help me find locations in the general area of downtown baltimore?"}],"description":"Locate a physical store location or an address."},{"intent":"Customer_Care_Open_Account","examples":[{"text":"Where do I register for this?"},{"text":"How do I login?"},{"text":"How do I become a customer?"},{"text":"How can I register over here?"},{"text":"Go joining here?"},{"text":"Could you explain how to create a fresh account?"},{"text":"Can you show me where to register for the program?"},{"text":"Can someone new be able to login?"},{"text":"I'd like to register"},{"text":"Where can I register?"},{"text":"Where does a first time visitor sign up?"},{"text":"Where do I find guidance on signing up?"},{"text":"Where is the sign in page?"},{"text":"What is the process to making an account?"},{"text":"What is the log in process for new users?"},{"text":"What is required to get signed up here?"},{"text":"What do I need to do to start an account with your company?"},{"text":"Please tell me how to register as one of your members."},{"text":"Make account"},{"text":"Where to login for the first time?"}],"description":"Open an account."},{"intent":"General_Human_or_Bot","examples":[{"text":"Am I talking to a person or am I talking to an AI?"},{"text":"Are you a human or a bot?"},{"text":"Are you a robot?"},{"text":"Are you even real?"},{"text":"Are you human?"},{"text":"Are you real?"},{"text":"How can you prove you are a human?"},{"text":"Is this a computer?"},{"text":"Am I talking to a robot?"},{"text":"Tell me, are you a human or no?"},{"text":"Am I chatting with a human?"},{"text":"Am I talking to a Bot?"}],"description":"Ask if speaking to a human or a bot."},{"intent":"Customer_Care_Program_Inquiry","examples":[{"text":"Rewards frequent purchasing?"},{"text":"Reward scheme?"},{"text":"Reward points backdated?"},{"text":"Receive credits buys?"},{"text":"Loyalty rewards program?"},{"text":"Is there a rewards system for customers?"},{"text":"Is there a program that rewards me for my use?"},{"text":"Is there a customer loyalty program of some sort available at the moment?"},{"text":"Do I get anything for buying a lot?"},{"text":"Can I receive loyalty credit for previous acquisitions?"},{"text":"Can I get points on transactions I've already made?"},{"text":"Can I get points for stuff I bought?"},{"text":"Are pre-purchased items eligible for rewards?"},{"text":"Do you have a points program?"},{"text":"Frequent purchaser benefits?"},{"text":"If I purchase frequently will I get benefits?"},{"text":"Is it possible to obtain points for buys I have made in the past?"},{"text":"Is there a bonus group offered?"},{"text":"Are past purchases rewarded?"},{"text":"What about your loyalty program?"}],"description":"Learn about customer loyalty programs."},{"intent":"Reserve_a_car","examples":[{"text":"Can you help me pick a car"},{"text":"Reserve a car"},{"text":"I'd like to rent  a car"},{"text":"I need a car"},{"text":"rent a car"},{"text":"Get me some wheels"}],"description":null},{"intent":"Customer_Care_Store_Hours","examples":[{"text":"How long are you open?"},{"text":"Is the branch open now?"},{"text":"What are the business hours of the store nearest to me?"},{"text":"What are ur opening hours?"},{"text":"What are the saturday opening times for the local store?"},{"text":"What are the hours of operation?"},{"text":"At what hour can I swing by?"},{"text":"What are your hous?"},{"text":"What is the opening time for the washington store?"},{"text":"What time are you closing today?"},{"text":"What time does the central manchester store shut on a saturday?"},{"text":"What time do stores close?"},{"text":"What time is your store open on saturday?"},{"text":"Are you open during thanksgiving?"},{"text":"Are the stores open early?"},{"text":"Are you open on bank holidays?"},{"text":"Are you open on sundays, and if so what are the hours?"},{"text":"Can you tell me how late the stores are open till?"},{"text":"Does the store in the city center opens till 8pm on weekends?"},{"text":"How early do you open?"}],"description":"Find business hours."},{"intent":"Customer_Care_Profile_Security_Questions","examples":[{"text":"What are my profile questions?"},{"text":"Why do I need to answer security questions when I speak to a representative on the phone?"},{"text":"When I talk to a customer rep, what security questions can I use?"},{"text":"Update security questions"},{"text":"Security verification question"},{"text":"Security question answers"},{"text":"My email may have been hacked so I'm changing all my passwords and security questions can you change the ones I use for talking to customer support?"},{"text":"I would like to change the security question used to access my account. could you please explain the procedure."},{"text":"I want to know my security question when I'm dealing with customer service representative."},{"text":"It has been a while since I updated my online security questions. can you give me directions on how I can edit my account to create better, more recent and more secure questions?"},{"text":"I need to change my questions to get in"},{"text":"I have forgotten my phone security questions"},{"text":"I have a feeling that default security questions for accessing my account are too generic and weak. is there a way to have them changed?"},{"text":"How can I set up a phone security question?"},{"text":"Hi I want to know if I can change my security settings for talking to customer services over the phone?"},{"text":"Help me with security questions"},{"text":"Can you reset my security question?"},{"text":"Can I reset my online security answer?"},{"text":"Can I change the saved security questions I use when accessing my account via the phone?"},{"text":"Is it possible to change the security questions I use to access my account when I call you?"}],"description":"Review or change user's security questions."},{"intent":"Customer_Care_Products_Offered","examples":[{"text":"Show me retirement products"},{"text":"Show me some cars"},{"text":"Tell me about shoes"},{"text":"What are your business banking products?"},{"text":"What does your business sell?"},{"text":"What does your shop provide?"},{"text":"What kind of products are available?"},{"text":"What potential products or services are available?"},{"text":"What products do you offer in the company?"},{"text":"What products can I get from your company?"},{"text":"What products are offered in the company?"},{"text":"What product do you recommend for a tech consultant?"},{"text":"What kinds of products do you sell?"},{"text":"Catalogue look"},{"text":"I need information on one of your products"},{"text":"Items available?"},{"text":"Items currently sold"},{"text":"I would like to know what I can buy"},{"text":"Need to know what products you have"},{"text":"New products"}],"description":"Find products that are available for purchase."},{"intent":"General_Greetings","examples":[{"text":"What's up?"},{"text":"What's new?"},{"text":"Ok take me back"},{"text":"Looking good eve"},{"text":"How r u?"},{"text":"How is it going?"},{"text":"How are you today?"},{"text":"How have you been?"},{"text":"Good day"},{"text":"Good evening"},{"text":"Good morning"},{"text":"Good to see you"},{"text":"Greetings"},{"text":"Hi there"},{"text":"Hi advisor"},{"text":"Hey you"},{"text":"Hey twin"},{"text":"Hey there"},{"text":"Hey there all"},{"text":"Hey how are you doing"},{"text":"Hello I am looking for some help here"},{"text":"Hello"},{"text":"Hello Agent"},{"text":"How are things going?"},{"text":"Have you been well?"},{"text":"You there"},{"text":"Who is this?"}],"description":"Greet the bot."},{"intent":"General_Security_Assurance","examples":[{"text":"Are you safe on hackers?"},{"text":"How do I know if my card info is kept safe?"},{"text":"Secure conversation?"},{"text":"Protection hacks?"},{"text":"Precautions hackers?"},{"text":"Is this conversation secure?"},{"text":"Is this a trusted chat site?"},{"text":"Is this an official chat?"},{"text":"Is there a reason to distrust this chat?"},{"text":"Is my payment information secure?"},{"text":"Is my card info secure?"},{"text":"How safe is my data?"},{"text":"How is my credit card info secured?"},{"text":"How do I know this chat is not a scam?"},{"text":"Do you have protection against hacks?"},{"text":"Customer info secured?"},{"text":"Conversation secure?"},{"text":"Can I be sure that my stored card details are held securely?"},{"text":"In what way can I tell if my plastic is safe?"},{"text":"Are you safe?"},{"text":"Will my conversation remain secured?"},{"text":"Why would I trust this chat?"},{"text":"What safety measures are used to ensure that chat is secure?"},{"text":"What makes this chat trustworthy?"},{"text":"What guards do you have in place to protect your customer's data?"},{"text":"I'd like proof of a secure chat"}],"description":"Express concerns about the security of the bot."},{"intent":"Bot_Control_Confirm_Presence","examples":[{"text":"Where'd you go?"},{"text":"You around?"},{"text":"Am I talking to someone?"},{"text":"Anyone there?"},{"text":"Are you leaving me?"},{"text":"Are you on?"},{"text":"Are you still around?"},{"text":"Are you still here with me?"},{"text":"Are you there?"},{"text":"Did you go somewhere?"},{"text":"Did you hear what I said?"},{"text":"Have I lost you?"},{"text":"I am still holding"},{"text":"Is anybody here?"},{"text":"Is anybody home?"},{"text":"Speak to me if you are there."}],"description":"Ask the bot to indicate that it is available."},{"intent":"Customer_Care_Redeem_Points","examples":[{"text":"How do I earn rewards for my points balance?"},{"text":"I have outstanding credit,please apply the loyalty points"},{"text":"How do I redeem bonus points?"},{"text":"Apply loyalty credit"},{"text":"Cash mileage"},{"text":"What is the process of using my credits?"},{"text":"What is the procedure for redeeming my mileage?"},{"text":"Use rewards towards my bill"},{"text":"Use mileage"},{"text":"Shop bonus points?"},{"text":"Redeem reward points?"},{"text":"Pay balance with points"},{"text":"May I gain rewards from the current loyalty points?"},{"text":"How can I use my miles?"},{"text":"I would like to know how to get rewards by using my credit card loyalty"},{"text":"I wish to go about caching in my points for a purchase,can you show me how?"},{"text":"How can I exchange my points for something?"},{"text":"I want a reward by using my points."},{"text":"I want rewards with my points"},{"text":"I want to pay points for an incentive"}],"description":"Redeem points to make a purchase."},{"intent":"Customer_Care_Cancel_Account","examples":[{"text":"I would like to cancel my service, can you do that for me?"},{"text":"Cancel service please"},{"text":"Can you please terminate this service?"},{"text":"How do I cancel my phone service with your company?"},{"text":"Cancel account"},{"text":"How do I close out my account?"},{"text":"I am not very happy with services rendered on your part and want my account closed."},{"text":"Id like to cancel or stop my service from my account"},{"text":"I need help with cancellation"},{"text":"I need to close my account at this time."},{"text":"I want to cancel."},{"text":"I want to cancel my service"},{"text":"I want to disconnect my service"},{"text":"My phone is broken so I am wondering if I could cancel my contract"},{"text":"Please close my data card account"},{"text":"Put an end to my account."},{"text":"Terminate service"},{"text":"What do I have to do to stop all my services with you and close my account?"},{"text":"What is the procedure on canceling my account?"},{"text":"Cancel plan"}],"description":"Cancel or close an account."},{"intent":"Bot_Control_Reject_Response","examples":[{"text":"That is not true"},{"text":"No"},{"text":"You're misunderstanding me"},{"text":"You didn't understand me"},{"text":"You did not understand what I said"},{"text":"You did not understand what I asked"},{"text":"Wrong response"},{"text":"That was wrong, try again"},{"text":"That was not my intent"},{"text":"That sounds like the wrong response"},{"text":"That answer is incorrect"},{"text":"Bad response"},{"text":"Not the right response"},{"text":"No I'm fine thanks"},{"text":"I wasn't looking for that"},{"text":"It is not what I was looking for"},{"text":"It is not what I want"},{"text":"I don't want that"},{"text":"I don't need that"},{"text":"I do not think it is the answer?"},{"text":"I disagree"}],"description":"Indicate the bot's response does not address a question."},{"intent":"Customer_Care_Profile_Password","examples":[{"text":"My password has stopped working"},{"text":"Locate pin"},{"text":"I want to create new code for my credit card"},{"text":"Where can I find information about changing my card pin?"},{"text":"I need to talk to customer service, but I've lost my password. can you help me?"},{"text":"I have had the same pin used to contact telephone customer support for a long time and would like to change it. could you please help me to set this up."},{"text":"I have a pw issue"},{"text":"I forgot my password"},{"text":"I don't remember my debit card pin. how do I recover it?"},{"text":"How to renew pin of credit card?"},{"text":"How do I get a new 4-digit code?"},{"text":"How do I find out the pin I need to use speak to someone on the phone?"},{"text":"Can you assist me with card code change?"},{"text":"What password do I use when chatting with an agent?"},{"text":"What is the policy for revising my current pin number?"},{"text":"What is the pin that is used to speak to a representative?"},{"text":"What are the rules for a valid password?"},{"text":"Wanna change pass"},{"text":"Reset password"},{"text":"Tell me the steps to change the pin on my credit card"}],"description":"Retrieve or change user's password."},{"intent":"Bot_Control_Change_Subject","examples":[{"text":"Let us change the topic"},{"text":"Another thing"},{"text":"A different matter"},{"text":"Let us talk about something else"},{"text":"Talk about something else"},{"text":"I have one more question"},{"text":"Here is another issue"},{"text":"Help me with this other question"},{"text":"Discuss something else"},{"text":"Chat about something else"},{"text":"Change topic"},{"text":"Can we talk about something else?"}],"description":"Change to a different topic."},{"intent":"Bot_Control_Start_Over","examples":[{"text":"We will need to begin again"},{"text":"Begin over!"},{"text":"Can we please start over?"},{"text":"How can I start over?"},{"text":"I need to reset."},{"text":"I want start from the beginning"},{"text":"I would like to start all over"},{"text":"Back to the beginning"},{"text":"Actually, let's start over"},{"text":"Let's go back to square one"},{"text":"Let's pick this up from the top again."},{"text":"Back to the top"},{"text":"Let us reopen this again."},{"text":"One more time from the beginning"},{"text":"Please initiate from the beginning"},{"text":"Please reset"},{"text":"Please start a new chat"},{"text":"Restart"},{"text":"Start over"},{"text":"We need a do-over"}],"description":"Restart bot or current flow."},{"intent":"Customer_Care_Report_Fraudulent_Use","examples":[{"text":"What should I do to report a scam? what can I do to report unauthorized log in?"},{"text":"How can I tell you if there is a suspect in the record?"},{"text":"How do I notify you that my account has been accessed without my permission?"},{"text":"Is there a way to alert you to a suspicious login?"},{"text":"I'm worried that my savings account might have been compromised."},{"text":"How would I go about telling someone of unwanted usage of my account?"},{"text":"How to register fraud for savings or checking account?"},{"text":"How to inform on dubious proceedings?"},{"text":"Who do I tell about suspect activity?"},{"text":"Where to inform on a skeptical profile login?"},{"text":"What should I do with an unknown visitor?"},{"text":"How can I report non authorized user?"},{"text":"Want to report data breach"},{"text":"Strange activity"},{"text":"Someone has opened an account in my name"},{"text":"My account is been misused. can you assist me with this"},{"text":"I want to make you aware of a case of fake login"},{"text":"How do I respond to texts that I do not think are true?"},{"text":"Is there contact information to report unauthorized logins?"},{"text":"Frauded login"}],"description":"Report the fraudulent use of an account."},{"intent":"General_About_You","examples":[{"text":"Let us talk about you"},{"text":"Introduce your self"},{"text":"How old are you?"},{"text":"How do you function?"},{"text":"How can I configure you?"},{"text":"Do you know who you are?"},{"text":"Do you have a name?"},{"text":"Describe your self"},{"text":"About you"},{"text":"Can I use another language?"},{"text":"Why are you here?"},{"text":"Who are you?"},{"text":"Where were you born?"},{"text":"Where are you from?"},{"text":"What's your name?"},{"text":"What should I know about you?"},{"text":"What languages do you speak?"},{"text":"Tell me something about yourself"},{"text":"Tell me about your life"},{"text":"I want to set up the chat bot for my shop"}],"description":"Request generic personal attributes."},{"intent":"Customer_Care_User_Profile","examples":[{"text":"I got a new number, help me edit my account"},{"text":"There is a typo in my listed email address, I need to fix it"},{"text":"Can you help me change the contact email for my account?"},{"text":"Change mailing address"},{"text":"Could you change the phone number in my profile?"},{"text":"Delete a number on my account"},{"text":"I have a new email account and would like to change my primary contact email. how do I do this?"},{"text":"I moved and have a new landline number. where do I go to update my contact information?"},{"text":"I'm trying to change the email address associated with my account but it keeps giving me an error message can I do it with you?"},{"text":"I need to change my contact information."},{"text":"I need to update the email on my account"},{"text":"I need to update the phone number that you have listed as my contact phone number."},{"text":"It seems like you have my old contact phone number on file, so I would like to have it updated, with your help."},{"text":"Can I set another email address for my account?"},{"text":"I want to change my home address in payment associated with my account, what steps"},{"text":"I will be moving next month. when do I need to give you my new address?"},{"text":"I wish to amend my email address please"},{"text":"Can you please make changes in my account regarding my phone contact information?"},{"text":"I would like to change my contact information. can this be done online or do I have to come in?"},{"text":"I would like to update the email for my online account"}],"description":"Change user's information on their account."},{"intent":"Bot_Control_Standby","examples":[{"text":"Hold on"},{"text":"Can you wait for me?"},{"text":"Can you give me a moment?"},{"text":"Be patient with me"},{"text":"Be back later"},{"text":"Give me a second"},{"text":"Back again soon"},{"text":"Give me a moment"},{"text":"Wait"},{"text":"Out for a break"},{"text":"Need a minute here"},{"text":"Give me a few minutes to get together"},{"text":"Let me see"},{"text":"Keep holding"},{"text":"Just hold on"},{"text":"Just a sec"},{"text":"I would like to put you on hold"},{"text":"I will be back"},{"text":"I want stop a moment"},{"text":"In a moment"}],"description":"Indicate a delay in providing input to the bot."},{"intent":"Bot_Control_Ignore_Undo","examples":[{"text":"Never mind"},{"text":"Nothing"},{"text":"Not yet"},{"text":"Wait! Let's back up few steps and do that again"},{"text":"Ignore this"},{"text":"I did not mean that?"},{"text":"I change my mind."},{"text":"Hold on! I think I want to do it differently."},{"text":"Actually, I take that back"},{"text":"Cancel"},{"text":"I didn't mean to do that actually, let's go back"},{"text":"It's not what I mean"},{"text":"Let us redo that again!"},{"text":"Never"}],"description":"Ask the bot to take one step back."},{"intent":"General_Agent_Capabilities","examples":[{"text":"What are you able to understand?"},{"text":"What kinds of things can you do?"},{"text":"What is this 4?"},{"text":"What features are in here?"},{"text":"What else can you help me with?"},{"text":"What do you handle?"},{"text":"What do you do?"},{"text":"What can I ask you to do?"},{"text":"What are you used for?"},{"text":"What are your skills?"},{"text":"What are you good at?"},{"text":"I do not know what to ask"},{"text":"Is there anything you can help me with?"},{"text":"How can you solve my problems?"},{"text":"How can you help me?"},{"text":"How can you help?"},{"text":"How can I use you?"},{"text":"Hi, what do you do?"},{"text":"Help now"},{"text":"Do you have a list of things I can talk to you about?"},{"text":"Can you tell me what services you are able to help me with?"},{"text":"Can you please give me a list of the types of things you can help me with?"},{"text":"Tell me about what kind of things you do?"},{"text":"Tell me something"},{"text":"What are my options?"},{"text":"What are my options that you can help with?"},{"text":"What are you able to deal with?"},{"text":"What are you capable of?"},{"text":"How do I use you?"},{"text":"Where can I find the frequently asked questions?"},{"text":"I'd like to know what type of questions you can answer for me."}],"description":"Request capabilities of the bot."},{"intent":"General_Jokes","examples":[{"text":"I'm bored"},{"text":"One more joke"},{"text":"Surprise me with something hilarious"},{"text":"Tell me a joke"},{"text":"Tell me something funny"},{"text":"What do you do for fun?"},{"text":"Are there jokes?"},{"text":"Another joke"},{"text":"Can you tell a joke?"},{"text":"Can you tell me a joke?"},{"text":"Do you have a joke?"},{"text":"What is your favorite joke?"},{"text":"Do you have humor?"},{"text":"Do you like fun?"},{"text":"Do you like humor?"},{"text":"I am getting bored"},{"text":"I want a joke"}],"description":"Request a joke."},{"intent":"General_Positive_Feedback","examples":[{"text":"Thank you"},{"text":"You gave me exactly what I need!"},{"text":"You're a genius!"},{"text":"You the man"},{"text":"This is so cool"},{"text":"You are awesome"},{"text":"You are great"},{"text":"You are the best"},{"text":"I'm looking forward to working with you again! :)"},{"text":"Love your work"},{"text":"Ok thank you"},{"text":"You've been so helpful :)"},{"text":"This is good"},{"text":"This is great"},{"text":"I like what you did there! :)"},{"text":"How cool is this?"},{"text":"Can't believe you are that good"},{"text":"Brilliant!"},{"text":"You are wonderful"}],"description":"Express positive sentiment or gratitude."}],"entities":[{"entity":"sys-date","values":[],"metadata":null,"description":null},{"entity":"color-popular","values":[{"type":"synonyms","value":"blue","metadata":null,"synonyms":[]},{"type":"synonyms","value":"white","metadata":null,"synonyms":[]},{"type":"synonyms","value":"black","metadata":null,"synonyms":[]},{"type":"synonyms","value":"silver","metadata":null,"synonyms":[]},{"type":"synonyms","value":"red","metadata":null,"synonyms":[]},{"type":"synonyms","value":"grey","metadata":null,"synonyms":["gray"]}],"metadata":null,"description":null,"fuzzy_match":false},{"entity":"car-type","values":[{"type":"synonyms","value":"economy","metadata":null,"synonyms":[]},{"type":"synonyms","value":"midsize","metadata":null,"synonyms":[]},{"type":"synonyms","value":"compact","metadata":null,"synonyms":["small"]},{"type":"synonyms","value":"full size","metadata":null,"synonyms":["standard"]},{"type":"synonyms","value":"suv","metadata":null,"synonyms":[]},{"type":"synonyms","value":"sports","metadata":null,"synonyms":["sporty","hot","fast","sports car"]},{"type":"synonyms","value":"convertable","metadata":null,"synonyms":[]},{"type":"synonyms","value":"minivan","metadata":null,"synonyms":[]}],"metadata":null,"description":null},{"entity":"sys-time","values":[],"metadata":null,"description":null},{"entity":"sys-person","values":[],"metadata":null,"description":null},{"entity":"sys-location","values":[],"metadata":null,"description":null}],"language":"en","metadata":{"api_version":{"major_version":"v1","minor_version":"2017-05-26"}},"description":"A demo chat to request a rental car","dialog_nodes":[{"type":"slot","title":null,"output":{},"parent":"node_2_1530310154321","context":null,"metadata":{"_customization":{"mcr":true}},"variable":"$confirm","next_step":null,"conditions":null,"description":null,"dialog_node":"slot_41_1530314637627","previous_sibling":"slot_19_1530312774488"},{"type":"slot","title":null,"output":{},"parent":"node_2_1530310154321","context":null,"metadata":{},"variable":"$color","next_step":null,"conditions":null,"description":null,"dialog_node":"slot_19_1530312774488","previous_sibling":"slot_16_1530312289653"},{"type":"slot","title":null,"output":{},"parent":"node_2_1530310154321","context":null,"metadata":{},"variable":"$time","next_step":null,"conditions":null,"description":null,"dialog_node":"slot_6_1530310497411","previous_sibling":"slot_3_1530310428510"},{"type":"slot","title":null,"output":{},"parent":"node_2_1530310154321","context":null,"metadata":{},"variable":"$car_type","next_step":null,"conditions":null,"description":null,"dialog_node":"slot_16_1530312289653","previous_sibling":"slot_6_1530310497411"},{"type":"slot","title":null,"output":{},"parent":"node_2_1530310154321","context":null,"metadata":{},"variable":"$date","next_step":null,"conditions":null,"description":null,"dialog_node":"slot_3_1530310428510","previous_sibling":null},{"type":"event_handler","title":null,"output":{"text":"What color $car_type car do you want?"},"parent":"slot_19_1530312774488","context":null,"metadata":{},"next_step":null,"conditions":null,"event_name":"focus","description":null,"dialog_node":"handler_21_1530312774488","previous_sibling":"handler_20_1530312774488"},{"type":"event_handler","title":null,"output":null,"parent":"slot_19_1530312774488","context":{"color":"@color-popular"},"metadata":null,"next_step":null,"conditions":"@color-popular","event_name":"input","description":null,"dialog_node":"handler_20_1530312774488","previous_sibling":null},{"type":"slot","title":null,"output":{},"parent":"Welcome","context":null,"metadata":{},"variable":"$greeted","next_step":null,"conditions":null,"description":null,"dialog_node":"slot_28_1530313135395","previous_sibling":null},{"type":"event_handler","title":null,"output":{},"parent":"slot_41_1530314637627","context":{"confirm":"slot_in_focus"},"metadata":{},"next_step":null,"conditions":"slot_in_focus","event_name":"input","description":null,"dialog_node":"handler_42_1530314637627","previous_sibling":"handler_43_1530314637627"},{"type":"event_handler","title":null,"output":{"text":{"values":["Great!"]}},"parent":"slot_41_1530314637627","context":null,"metadata":{},"next_step":null,"conditions":"#Bot_Control_Approve_Response","event_name":"filled","description":null,"dialog_node":"handler_44_1530314703139","previous_sibling":"handler_42_1530314637627"},{"type":"event_handler","title":null,"output":{"text":{"values":["No worries."]}},"parent":"slot_41_1530314637627","context":null,"metadata":null,"next_step":null,"conditions":"#Bot_Control_Reject_Response","event_name":"filled","description":null,"dialog_node":"handler_7_1532053323553","previous_sibling":"handler_44_1530314703139"},{"type":"event_handler","title":null,"output":{"text":"OK. Please confirm. You want a $color $car_type car on $date at <? $time.reformatDateTime('h:mm a') ?>. Is that correct?"},"parent":"slot_41_1530314637627","context":null,"metadata":{},"next_step":null,"conditions":null,"event_name":"focus","description":null,"dialog_node":"handler_43_1530314637627","previous_sibling":null},{"type":"event_handler","title":null,"output":{"text":"What type of car would you like?"},"parent":"slot_16_1530312289653","context":null,"metadata":{},"next_step":null,"conditions":null,"event_name":"focus","description":null,"dialog_node":"handler_18_1530312289653","previous_sibling":"handler_17_1530312289653"},{"type":"event_handler","title":null,"output":null,"parent":"slot_16_1530312289653","context":{"car_type":"@car-type"},"metadata":null,"next_step":null,"conditions":"@car-type","event_name":"input","description":null,"dialog_node":"handler_17_1530312289653","previous_sibling":null},{"type":"standard","title":"Bad feedback","output":{"text":{"values":["I'm sorry you feel that way. I'm still learning."],"selection_policy":"sequential"}},"parent":"node_1_1532048605911","context":null,"metadata":{},"next_step":null,"conditions":"#General_Negative_Feedback","description":null,"dialog_node":"node_9_1532053493961","previous_sibling":"node_6_1532052844716"},{"type":"standard","title":"Refer to human agent","output":{"text":{"values":["I'm sorry. The humans did not come back from lunch, but I'm here to help you."],"selection_policy":"sequential"}},"parent":"node_1_1532048605911","context":null,"metadata":{},"next_step":null,"conditions":"#General_Connect_to_Agent","description":null,"dialog_node":"node_4_1532052496015","previous_sibling":"node_3_1532052283002"},{"type":"standard","title":"Are you a robot","output":{"text":{"values":["I'm not a human, but I hope to be one someday."],"selection_policy":"sequential"}},"parent":"node_1_1532048605911","context":null,"metadata":{},"next_step":null,"conditions":"#General_Human_or_Bot","description":null,"dialog_node":"node_3_1532052283002","previous_sibling":"node_2_1532048731678"},{"type":"standard","title":"Store location","output":{"text":{"values":["We will bring the car to you."],"selection_policy":"sequential"}},"parent":"node_1_1532048605911","context":null,"metadata":{},"next_step":null,"conditions":"#Customer_Care_Store_Location","description":null,"dialog_node":"node_6_1532052844716","previous_sibling":"node_5_1532052730854"},{"type":"standard","title":"Store hours","output":{"text":{"values":["We are open 24 7 except Sunday. We are closed Sundays. I guess we are only open 24 6."],"selection_policy":"sequential"}},"parent":"node_1_1532048605911","context":null,"metadata":{},"next_step":null,"conditions":"#Customer_Care_Store_Hours","description":null,"dialog_node":"node_5_1532052730854","previous_sibling":"node_4_1532052496015"},{"type":"standard","title":"Positive feedback","output":{"text":{"values":["Well thank you! It's my pleasure."],"selection_policy":"sequential"}},"parent":"node_1_1532048605911","context":null,"metadata":{},"next_step":null,"conditions":"#General_Positive_Feedback","description":null,"dialog_node":"node_10_1532053564524","previous_sibling":"node_9_1532053493961"},{"type":"standard","title":"One bad joke","output":{"text":{"values":["I know one joke... Why did the chicken rent a car? ... To cross the road! Ha ha ha."],"selection_policy":"sequential"}},"parent":"node_1_1532048605911","context":null,"metadata":{},"next_step":null,"conditions":"#General_Jokes","description":null,"dialog_node":"node_2_1532048731678","digress_out":"allow_all","previous_sibling":null},{"type":"event_handler","title":null,"output":{"text":"Hello. This is Watson. What's  your name?"},"parent":"slot_28_1530313135395","context":null,"metadata":null,"next_step":null,"conditions":null,"event_name":"focus","description":null,"dialog_node":"handler_30_1530313135395","previous_sibling":"handler_29_1530313135395"},{"type":"event_handler","title":null,"output":{},"parent":"slot_28_1530313135395","context":{"greeted":"$greeted"},"metadata":{},"next_step":null,"conditions":"$greeted","event_name":"input","description":null,"dialog_node":"handler_29_1530313135395","previous_sibling":null},{"type":"event_handler","title":null,"output":{"text":"What day do you need a car?"},"parent":"slot_3_1530310428510","context":null,"metadata":{},"next_step":null,"conditions":null,"event_name":"focus","description":null,"dialog_node":"handler_5_1530310428510","previous_sibling":"handler_4_1530310428510"},{"type":"event_handler","title":null,"output":null,"parent":"slot_3_1530310428510","context":{"date":"@sys-date"},"metadata":null,"next_step":null,"conditions":"@sys-date","event_name":"input","description":null,"dialog_node":"handler_4_1530310428510","previous_sibling":null},{"type":"event_handler","title":null,"output":{"text":"What time on <? $date.reformatDateTime(\"EEEEE\") ?> do you want the car to be ready?"},"parent":"slot_6_1530310497411","context":null,"metadata":{},"next_step":null,"conditions":null,"event_name":"focus","description":null,"dialog_node":"handler_8_1530310497411","previous_sibling":"handler_7_1530310497411"},{"type":"event_handler","title":null,"output":null,"parent":"slot_6_1530310497411","context":{"time":"@sys-time"},"metadata":null,"next_step":null,"conditions":"@sys-time","event_name":"input","description":null,"dialog_node":"handler_7_1530310497411","previous_sibling":null},{"type":"standard","title":"Quit","output":{"text":{"values":["Thank you. Good bye."],"selection_policy":"sequential"}},"parent":null,"context":null,"metadata":{},"next_step":null,"conditions":"#General_Ending","description":null,"dialog_node":"node_46_1530315654027","previous_sibling":"Welcome"},{"type":"frame","title":"Reserve a car","output":{"text":{"values":["Unfortunately, I don't really have any cars. This is a demo chat."],"selection_policy":"sequential"}},"parent":null,"context":{"date":null,"time":null,"color":null,"confirm":null,"car_type":null},"metadata":{"fallback":"leave"},"next_step":null,"conditions":"#Reserve_a_car || anything_else","digress_in":"does_not_return","description":null,"dialog_node":"node_2_1530310154321","digress_out":"allow_all","previous_sibling":"node_1_1532048605911","digress_out_slots":"allow_all"},{"type":"folder","title":"Digress and return","output":null,"parent":null,"context":null,"metadata":{},"next_step":null,"conditions":null,"digress_in":"returns","description":null,"dialog_node":"node_1_1532048605911","previous_sibling":"node_46_1530315654027"},{"type":"standard","title":"Start or Start Over","output":{"text":{"values":["I can reserve a rental car for you."],"selection_policy":"sequential"}},"parent":null,"context":{"date":null,"time":null,"color":null,"confirm":null,"car_type":null},"metadata":{"fallback":"leave"},"next_step":{"behavior":"jump_to","selector":"body","dialog_node":"node_2_1530310154321"},"conditions":"#Bot_Control_Start_Over","digress_in":"not_available","description":null,"dialog_node":"Welcome","digress_out":"allow_all","previous_sibling":null}],"workspace_id":"4122019f-5835-42ae-a40a-105b6762ccd8","counterexamples":[],"system_settings":null,"learning_opt_out":false}